fid,state,parlimen,dun,code_state,code_parlimen,code_dun,code_state_dun,klang_valley_uhvi_final_state,klang_valley_uhvi_final_parlimen,klang_valley_uhvi_final_code_state,klang_valley_uhvi_final_code_parlimen,klang_valley_uhvi_final_code_dun,klang_valley_uhvi_final_code_state_dun,klang_valley_uhvi_final__LSTbasecount,klang_valley_uhvi_final__LSTbasesum,klang_valley_uhvi_final__LSTbasemean,klang_valley_uhvi_final__LSTbasemin,klang_valley_uhvi_final__LSTbasemax,klang_valley_uhvi_final_income_mean,klang_valley_uhvi_final_income_median,klang_valley_uhvi_final_district,klang_valley_uhvi_final_elderly_pct,klang_valley_uhvi_final_lst_norm,klang_valley_uhvi_final_income_norm,klang_valley_uhvi_final_elderly_norm,klang_valley_uhvi_final_income_vuln,klang_valley_uhvi_final_UHVI,UHVI_num,klang_valley_deltaGreen_fid,klang_valley_deltaGreen_state,klang_valley_deltaGreen_parlimen,klang_valley_deltaGreen_code_state,klang_valley_deltaGreen_code_parlimen,klang_valley_deltaGreen_code_dun,klang_valley_deltaGreen_code_state_dun,klang_valley_deltaGreen_klang_valley_uhvi_final_state,klang_valley_deltaGreen_klang_valley_uhvi_final_parlimen,klang_valley_deltaGreen_klang_valley_uhvi_final_code_state,klang_valley_deltaGreen_klang_valley_uhvi_final_code_parlimen,klang_valley_deltaGreen_klang_valley_uhvi_final_code_dun,klang_valley_deltaGreen_klang_valley_uhvi_final_code_state_dun,klang_valley_deltaGreen_klang_valley_uhvi_final__LSTbasecount,klang_valley_deltaGreen_klang_valley_uhvi_final__LSTbasesum,klang_valley_deltaGreen_klang_valley_uhvi_final__LSTbasemean,klang_valley_deltaGreen_klang_valley_uhvi_final__LSTbasemin,klang_valley_deltaGreen_klang_valley_uhvi_final__LSTbasemax,klang_valley_deltaGreen_klang_valley_uhvi_final_income_mean,klang_valley_deltaGreen_klang_valley_uhvi_final_income_median,klang_valley_deltaGreen_klang_valley_uhvi_final_district,klang_valley_deltaGreen_klang_valley_uhvi_final_elderly_pct,klang_valley_deltaGreen_klang_valley_uhvi_final_lst_norm,klang_valley_deltaGreen_klang_valley_uhvi_final_income_norm,klang_valley_deltaGreen_klang_valley_uhvi_final_elderly_norm,klang_valley_deltaGreen_klang_valley_uhvi_final_income_vuln,klang_valley_deltaGreen_klang_valley_uhvi_final_UHVI,klang_valley_deltaGreen_UHVI_num,klang_valley_deltaGreen__deltaGreencount,klang_valley_deltaGreen__deltaGreensum,klang_valley_deltaGreen__deltaGreenmean,klang_valley_deltaGreen__deltaGreenmin,klang_valley_deltaGreen__deltaGreenmax,klang_valley_deltaInd_fid,klang_valley_deltaInd_state,klang_valley_deltaInd_parlimen,klang_valley_deltaInd_code_state,klang_valley_deltaInd_code_parlimen,klang_valley_deltaInd_code_dun,klang_valley_deltaInd_code_state_dun,klang_valley_deltaInd_klang_valley_uhvi_final_state,klang_valley_deltaInd_klang_valley_uhvi_final_parlimen,klang_valley_deltaInd_klang_valley_uhvi_final_code_state,klang_valley_deltaInd_klang_valley_uhvi_final_code_parlimen,klang_valley_deltaInd_klang_valley_uhvi_final_code_dun,klang_valley_deltaInd_klang_valley_uhvi_final_code_state_dun,klang_valley_deltaInd_klang_valley_uhvi_final__LSTbasecount,klang_valley_deltaInd_klang_valley_uhvi_final__LSTbasesum,klang_valley_deltaInd_klang_valley_uhvi_final__LSTbasemean,klang_valley_deltaInd_klang_valley_uhvi_final__LSTbasemin,klang_valley_deltaInd_klang_valley_uhvi_final__LSTbasemax,klang_valley_deltaInd_klang_valley_uhvi_final_income_mean,klang_valley_deltaInd_klang_valley_uhvi_final_income_median,klang_valley_deltaInd_klang_valley_uhvi_final_district,klang_valley_deltaInd_klang_valley_uhvi_final_elderly_pct,klang_valley_deltaInd_klang_valley_uhvi_final_lst_norm,klang_valley_deltaInd_klang_valley_uhvi_final_income_norm,klang_valley_deltaInd_klang_valley_uhvi_final_elderly_norm,klang_valley_deltaInd_klang_valley_uhvi_final_income_vuln,klang_valley_deltaInd_klang_valley_uhvi_final_UHVI,klang_valley_deltaInd_UHVI_num,klang_valley_deltaInd__deltaIndcount,klang_valley_deltaInd__deltaIndsum,klang_valley_deltaInd__deltaIndmean,klang_valley_deltaInd__deltaIndmin,klang_valley_deltaInd__deltaIndmax,green__deltaGreenmean,green__deltaGreenmin,green__deltaGreenmax,ind__deltaIndmean,ind__deltaIndmin,ind__deltaIndmax
1,Selangor,P.096 Kuala Selangor,N.10 Bukit Melawati,10,P.096,N.10,10_N.10,Selangor,P.096 Kuala Selangor,"10",P.096,N.10,10_N.10,"41069.0","1279541.319328308","31.15589177550727","26.251554489135742","39.70187759399414","7034.0","6201.0",Kuala Selangor,"7.228116710875332","0.2036335745443008","0.0","0.0","1.0","0.3518167872721504",0.35181678727215,1,Selangor,P.096 Kuala Selangor,10,P.096,N.10,10_N.10,Selangor,P.096 Kuala Selangor,"10",P.096,N.10,10_N.10,"41069.0","1279541.319328308","31.15589177550727","26.251554489135742","39.70187759399414","7034.0","6201.0",Kuala Selangor,"7.228116710875332","0.2036335745443008","0.0","0.0","1.0","0.3518167872721504",0.35181678727215,41069,-8650.25068283081,-0.210627253715231,-3.92224502563477,0.411937713623047,1,Selangor,P.096 Kuala Selangor,10,P.096,N.10,10_N.10,Selangor,P.096 Kuala Selangor,"10",P.096,N.10,10_N.10,"41069.0","1279541.319328308","31.15589177550727","26.251554489135742","39.70187759399414","7034.0","6201.0",Kuala Selangor,"7.228116710875332","0.2036335745443008","0.0","0.0","1.0","0.3518167872721504",0.35181678727215,41069,0,0,0,0,-0.210627253715231,-3.92224502563477,0.411937713623047,0,0,0
2,Selangor,P.096 Kuala Selangor,N.11 Ijok,10,P.096,N.11,10_N.11,Selangor,P.096 Kuala Selangor,"10",P.096,N.11,10_N.11,"37512.0","1186792.6616191864","31.637680252164277","26.786434173583984","39.559486389160156","9870.0","6423.0",Kuala Selangor,"7.228116710875332","0.23915916233498768","0.20899042004421517","0.0","0.7910095799557848","0.31733197615644004",0.31733197615644,2,Selangor,P.096 Kuala Selangor,10,P.096,N.11,10_N.11,Selangor,P.096 Kuala Selangor,"10",P.096,N.11,10_N.11,"37512.0","1186792.6616191864","31.637680252164277","26.786434173583984","39.559486389160156","9870.0","6423.0",Kuala Selangor,"7.228116710875332","0.23915916233498768","0.20899042004421517","0.0","0.7910095799557848","0.31733197615644004",0.31733197615644,37512,-6.0567626953125,-0.000161462004033709,-0.0662708282470703,0.0926933288574219,2,Selangor,P.096 Kuala Selangor,10,P.096,N.11,10_N.11,Selangor,P.096 Kuala Selangor,"10",P.096,N.11,10_N.11,"37512.0","1186792.6616191864","31.637680252164277","26.786434173583984","39.559486389160156","9870.0","6423.0",Kuala Selangor,"7.228116710875332","0.23915916233498768","0.20899042004421517","0.0","0.7910095799557848","0.31733197615644004",0.31733197615644,37512,0,0,0,0,-0.000161462004033709,-0.0662708282470703,0.0926933288574219,0,0,0
3,Selangor,P.096 Kuala Selangor,N.12 Jeram,10,P.096,N.12,10_N.12,Selangor,P.096 Kuala Selangor,"10",P.096,N.12,10_N.12,"188999.0","6067381.932657242","32.1027197638995","25.54168128967285","43.71242141723633","11563.0","8533.0",Kuala Selangor,"7.228116710875332","0.27344973340659373","0.3337509211495947","0.0","0.6662490788504053","0.3032871364158982",0.303287136415898,3,Selangor,P.096 Kuala Selangor,10,P.096,N.12,10_N.12,Selangor,P.096 Kuala Selangor,"10",P.096,N.12,10_N.12,"188999.0","6067381.932657242","32.1027197638995","25.54168128967285","43.71242141723633","11563.0","8533.0",Kuala Selangor,"7.228116710875332","0.27344973340659373","0.3337509211495947","0.0","0.6662490788504053","0.3032871364158982",0.303287136415898,188999,-13253.4053134918,-0.0701242086650819,-4.49248504638672,1.6645336151123,3,Selangor,P.096 Kuala Selangor,10,P.096,N.12,10_N.12,Selangor,P.096 Kuala Selangor,"10",P.096,N.12,10_N.12,"188999.0","6067381.932657242","32.1027197638995","25.54168128967285","43.71242141723633","11563.0","8533.0",Kuala Selangor,"7.228116710875332","0.27344973340659373","0.3337509211495947","0.0","0.6662490788504053","0.3032871364158982",0.303287136415898,188999,0,0,0,0,-0.0701242086650819,-4.49248504638672,1.6645336151123,0,0,0
4,Selangor,P.097 Selayang,N.13 Kuang,10,P.097,N.13,10_N.13,Selangor,P.097 Selayang,"10",P.097,N.13,10_N.13,"102543.0","3200442.355398178","31.21073457377079","22.62078857421875","41.563438415527344","13600.0","12863.0",Gombak,"8.047493403693931","0.20767751236929075","0.483861459100958","0.46413430746497797","0.516138540899042","0.3489069682756504",0.34890696827565,4,Selangor,P.097 Selayang,10,P.097,N.13,10_N.13,Selangor,P.097 Selayang,"10",P.097,N.13,10_N.13,"102543.0","3200442.355398178","31.21073457377079","22.62078857421875","41.563438415527344","13600.0","12863.0",Gombak,"8.047493403693931","0.20767751236929075","0.483861459100958","0.46413430746497797","0.516138540899042","0.3489069682756504",0.34890696827565,102543,0,0,0,0,4,Selangor,P.097 Selayang,10,P.097,N.13,10_N.13,Selangor,P.097 Selayang,"10",P.097,N.13,10_N.13,"102543.0","3200442.355398178","31.21073457377079","22.62078857421875","41.563438415527344","13600.0","12863.0",Gombak,"8.047493403693931","0.20767751236929075","0.483861459100958","0.46413430746497797","0.516138540899042","0.3489069682756504",0.34890696827565,102543,0,0,0,0,0,0,0,0,0,0
5,Selangor,P.097 Selayang,N.14 Rawang,10,P.097,N.14,10_N.14,Selangor,P.097 Selayang,"10",P.097,N.14,10_N.14,"10875.0","344336.27512550354","31.663105758666994","26.808839797973633","41.414222717285156","11092.0","10119.0",Gombak,"8.047493403693931","0.24103396031615237","0.29904200442151807","0.46413430746497797","0.7009579955784819","0.41179005591894113",0.411790055918941,5,Selangor,P.097 Selayang,10,P.097,N.14,10_N.14,Selangor,P.097 Selayang,"10",P.097,N.14,10_N.14,"10875.0","344336.27512550354","31.663105758666994","26.808839797973633","41.414222717285156","11092.0","10119.0",Gombak,"8.047493403693931","0.24103396031615237","0.29904200442151807","0.46413430746497797","0.7009579955784819","0.41179005591894113",0.411790055918941,10875,0,0,0,0,5,Selangor,P.097 Selayang,10,P.097,N.14,10_N.14,Selangor,P.097 Selayang,"10",P.097,N.14,10_N.14,"10875.0","344336.27512550354","31.663105758666994","26.808839797973633","41.414222717285156","11092.0","10119.0",Gombak,"8.047493403693931","0.24103396031615237","0.29904200442151807","0.46413430746497797","0.7009579955784819","0.41179005591894113",0.411790055918941,10875,0,0,0,0,0,0,0,0,0,0
6,Selangor,P.097 Selayang,N.15 Taman Templer,10,P.097,N.15,10_N.15,Selangor,P.097 Selayang,"10",P.097,N.15,10_N.15,"53747.0","1621110.5365600586","30.16187948276292","24.885944366455078","44.04008102416992","9287.0","8626.0",Gombak,"8.047493403693931","0.13033819144187078","0.1660280029476787","0.46413430746497797","0.8339719970523213","0.3896956718502602",0.38969567185026,6,Selangor,P.097 Selayang,10,P.097,N.15,10_N.15,Selangor,P.097 Selayang,"10",P.097,N.15,10_N.15,"53747.0","1621110.5365600586","30.16187948276292","24.885944366455078","44.04008102416992","9287.0","8626.0",Gombak,"8.047493403693931","0.13033819144187078","0.1660280029476787","0.46413430746497797","0.8339719970523213","0.3896956718502602",0.38969567185026,53747,0,0,0,0,6,Selangor,P.097 Selayang,10,P.097,N.15,10_N.15,Selangor,P.097 Selayang,"10",P.097,N.15,10_N.15,"53747.0","1621110.5365600586","30.16187948276292","24.885944366455078","44.04008102416992","9287.0","8626.0",Gombak,"8.047493403693931","0.13033819144187078","0.1660280029476787","0.46413430746497797","0.8339719970523213","0.3896956718502602",0.38969567185026,53747,0,0,0,0,0,0,0,0,0,0
7,Selangor,P.098 Gombak,N.16 Sungai Tua,10,P.098,N.16,10_N.16,Selangor,P.098 Gombak,"10",P.098,N.16,10_N.16,"26892.0","874485.901517868","32.518440484823294","24.99190902709961","48.88182067871094","13941.0","8808.0",Gombak,"8.047493403693931","0.304103689827598","0.5089904200442151","0.46413430746497797","0.49100957995578487","0.3908378167689897",0.39083781676899,7,Selangor,P.098 Gombak,10,P.098,N.16,10_N.16,Selangor,P.098 Gombak,"10",P.098,N.16,10_N.16,"26892.0","874485.901517868","32.518440484823294","24.99190902709961","48.88182067871094","13941.0","8808.0",Gombak,"8.047493403693931","0.304103689827598","0.5089904200442151","0.46413430746497797","0.49100957995578487","0.3908378167689897",0.39083781676899,26892,0,0,0,0,7,Selangor,P.098 Gombak,10,P.098,N.16,10_N.16,Selangor,P.098 Gombak,"10",P.098,N.16,10_N.16,"26892.0","874485.901517868","32.518440484823294","24.99190902709961","48.88182067871094","13941.0","8808.0",Gombak,"8.047493403693931","0.304103689827598","0.5089904200442151","0.46413430746497797","0.49100957995578487","0.3908378167689897",0.39083781676899,26892,0,0,0,0,0,0,0,0,0,0
8,Selangor,P.098 Gombak,N.17 Gombak Setia,10,P.098,N.17,10_N.17,Selangor,P.098 Gombak,"10",P.098,N.17,10_N.17,"75402.0","2311083.162607193","30.650157324834794","24.5400333404541","48.03551483154297","13735.0","13016.0",Gombak,"8.047493403693931","0.16634228490864061","0.4938098747236551","0.46413430746497797","0.5061901252763449","0.325752250639651",0.325752250639651,8,Selangor,P.098 Gombak,10,P.098,N.17,10_N.17,Selangor,P.098 Gombak,"10",P.098,N.17,10_N.17,"75402.0","2311083.162607193","30.650157324834794","24.5400333404541","48.03551483154297","13735.0","13016.0",Gombak,"8.047493403693931","0.16634228490864061","0.4938098747236551","0.46413430746497797","0.5061901252763449","0.325752250639651",0.325752250639651,75402,0,0,0,0,8,Selangor,P.098 Gombak,10,P.098,N.17,10_N.17,Selangor,P.098 Gombak,"10",P.098,N.17,10_N.17,"75402.0","2311083.162607193","30.650157324834794","24.5400333404541","48.03551483154297","13735.0","13016.0",Gombak,"8.047493403693931","0.16634228490864061","0.4938098747236551","0.46413430746497797","0.5061901252763449","0.325752250639651",0.325752250639651,75402,0,0,0,0,0,0,0,0,0,0
9,Selangor,P.098 Gombak,N.18 Hulu Kelang,10,P.098,N.18,10_N.18,Selangor,P.098 Gombak,"10",P.098,N.18,10_N.18,"49313.0","1551253.9734859467","31.45730281033291","24.708223342895508","45.13822937011719","13149.0","9556.0",Gombak,"8.047493403693931","0.22585868929399014","0.45062638172439207","0.46413430746497797","0.5493736182756079","0.36630632608214153",0.366306326082142,9,Selangor,P.098 Gombak,10,P.098,N.18,10_N.18,Selangor,P.098 Gombak,"10",P.098,N.18,10_N.18,"49313.0","1551253.9734859467","31.45730281033291","24.708223342895508","45.13822937011719","13149.0","9556.0",Gombak,"8.047493403693931","0.22585868929399014","0.45062638172439207","0.46413430746497797","0.5493736182756079","0.36630632608214153",0.366306326082142,49313,0,0,0,0,9,Selangor,P.098 Gombak,10,P.098,N.18,10_N.18,Selangor,P.098 Gombak,"10",P.098,N.18,10_N.18,"49313.0","1551253.9734859467","31.45730281033291","24.708223342895508","45.13822937011719","13149.0","9556.0",Gombak,"8.047493403693931","0.22585868929399014","0.45062638172439207","0.46413430746497797","0.5493736182756079","0.36630632608214153",0.366306326082142,49313,0,0,0,0,0,0,0,0,0,0
10,Selangor,P.099 Ampang,N.19 Bukit Antarabangsa,10,P.099,N.19,10_N.19,Selangor,P.099 Ampang,"10",P.099,N.19,10_N.19,"16324.0","590837.4312877655","36.19440279880945","25.40778160095215","46.97526550292969","19722.0","12635.0",Gombak,"8.047493403693931","0.575157748253619","0.9350036845983788","0.46413430746497797","0.06499631540162121","0.41986152984345926",0.419861529843459,10,Selangor,P.099 Ampang,10,P.099,N.19,10_N.19,Selangor,P.099 Ampang,"10",P.099,N.19,10_N.19,"16324.0","590837.4312877655","36.19440279880945","25.40778160095215","46.97526550292969","19722.0","12635.0",Gombak,"8.047493403693931","0.575157748253619","0.9350036845983788","0.46413430746497797","0.06499631540162121","0.41986152984345926",0.419861529843459,16324,0,0,0,0,10,Selangor,P.099 Ampang,10,P.099,N.19,10_N.19,Selangor,P.099 Ampang,"10",P.099,N.19,10_N.19,"16324.0","590837.4312877655","36.19440279880945","25.40778160095215","46.97526550292969","19722.0","12635.0",Gombak,"8.047493403693931","0.575157748253619","0.9350036845983788","0.46413430746497797","0.06499631540162121","0.41986152984345926",0.419861529843459,16324,0,0,0,0,0,0,0,0,0,0
11,Selangor,P.099 Ampang,N.20 Lembah Jaya,10,P.099,N.20,10_N.20,Selangor,P.099 Ampang,"10",P.099,N.20,10_N.20,"31169.0","1011902.0942382812","32.465016337973026","24.797697067260742","47.0777702331543","12160.0","10823.0",Gombak,"8.047493403693931","0.3001643589572523","0.37774502579218866","0.46413430746497797","0.6222549742078114","0.4216794998968235",0.421679499896824,11,Selangor,P.099 Ampang,10,P.099,N.20,10_N.20,Selangor,P.099 Ampang,"10",P.099,N.20,10_N.20,"31169.0","1011902.0942382812","32.465016337973026","24.797697067260742","47.0777702331543","12160.0","10823.0",Gombak,"8.047493403693931","0.3001643589572523","0.37774502579218866","0.46413430746497797","0.6222549742078114","0.4216794998968235",0.421679499896824,31169,0,0,0,0,11,Selangor,P.099 Ampang,10,P.099,N.20,10_N.20,Selangor,P.099 Ampang,"10",P.099,N.20,10_N.20,"31169.0","1011902.0942382812","32.465016337973026","24.797697067260742","47.0777702331543","12160.0","10823.0",Gombak,"8.047493403693931","0.3001643589572523","0.37774502579218866","0.46413430746497797","0.6222549742078114","0.4216794998968235",0.421679499896824,31169,0,0,0,0,0,0,0,0,0,0
12,Selangor,P.100 Pandan,N.21 Pandan Indah,10,P.100,N.21,10_N.21,Selangor,P.100 Pandan,"10",P.100,N.21,10_N.21,"7972.0","334473.22618865967","41.95599927103107","34.49763870239258","45.22980499267578","12110.0","11181.0",Ulu Langat,"8.598180139786365","1.0","0.37406042741341194","0.776069720232444","0.6259395725865881","0.850502323204758",0.850502323204758,12,Selangor,P.100 Pandan,10,P.100,N.21,10_N.21,Selangor,P.100 Pandan,"10",P.100,N.21,10_N.21,"7972.0","334473.22618865967","41.95599927103107","34.49763870239258","45.22980499267578","12110.0","11181.0",Ulu Langat,"8.598180139786365","1.0","0.37406042741341194","0.776069720232444","0.6259395725865881","0.850502323204758",0.850502323204758,7972,0,0,0,0,12,Selangor,P.100 Pandan,10,P.100,N.21,10_N.21,Selangor,P.100 Pandan,"10",P.100,N.21,10_N.21,"7972.0","334473.22618865967","41.95599927103107","34.49763870239258","45.22980499267578","12110.0","11181.0",Ulu Langat,"8.598180139786365","1.0","0.37406042741341194","0.776069720232444","0.6259395725865881","0.850502323204758",0.850502323204758,7972,0,0,0,0,0,0,0,0,0,0
13,Selangor,P.100 Pandan,N.22 Teratai,10,P.100,N.22,10_N.22,Selangor,P.100 Pandan,"10",P.100,N.22,10_N.22,"14608.0","522363.1304759979","35.75870279819263","25.75851058959961","46.91651916503906","11739.0","10584.0",Ulu Langat,"8.598180139786365","0.5430305817225386","0.34672070744288874","0.776069720232444","0.6532792925571113","0.6288525440586581",0.628852544058658,13,Selangor,P.100 Pandan,10,P.100,N.22,10_N.22,Selangor,P.100 Pandan,"10",P.100,N.22,10_N.22,"14608.0","522363.1304759979","35.75870279819263","25.75851058959961","46.91651916503906","11739.0","10584.0",Ulu Langat,"8.598180139786365","0.5430305817225386","0.34672070744288874","0.776069720232444","0.6532792925571113","0.6288525440586581",0.628852544058658,14608,0,0,0,0,13,Selangor,P.100 Pandan,10,P.100,N.22,10_N.22,Selangor,P.100 Pandan,"10",P.100,N.22,10_N.22,"14608.0","522363.1304759979","35.75870279819263","25.75851058959961","46.91651916503906","11739.0","10584.0",Ulu Langat,"8.598180139786365","0.5430305817225386","0.34672070744288874","0.776069720232444","0.6532792925571113","0.6288525440586581",0.628852544058658,14608,0,0,0,0,0,0,0,0,0,0
14,Selangor,P.101 Hulu Langat,N.23 Dusun Tua,10,P.101,N.23,10_N.23,Selangor,P.101 Hulu Langat,"10",P.101,N.23,10_N.23,"28571.0","919233.216753006","32.173645191033074","26.09773063659668","42.40581512451172","12717.0","11089.0",Ulu Langat,"8.598180139786365","0.27867955439714337","0.41879145173176124","0.776069720232444","0.5812085482682388","0.47865934432374235",0.478659344323742,14,Selangor,P.101 Hulu Langat,10,P.101,N.23,10_N.23,Selangor,P.101 Hulu Langat,"10",P.101,N.23,10_N.23,"28571.0","919233.216753006","32.173645191033074","26.09773063659668","42.40581512451172","12717.0","11089.0",Ulu Langat,"8.598180139786365","0.27867955439714337","0.41879145173176124","0.776069720232444","0.5812085482682388","0.47865934432374235",0.478659344323742,28571,0,0,0,0,14,Selangor,P.101 Hulu Langat,10,P.101,N.23,10_N.23,Selangor,P.101 Hulu Langat,"10",P.101,N.23,10_N.23,"28571.0","919233.216753006","32.173645191033074","26.09773063659668","42.40581512451172","12717.0","11089.0",Ulu Langat,"8.598180139786365","0.27867955439714337","0.41879145173176124","0.776069720232444","0.5812085482682388","0.47865934432374235",0.478659344323742,28571,0,0,0,0,0,0,0,0,0,0
15,Selangor,P.101 Hulu Langat,N.24 Semenyih,10,P.101,N.24,10_N.24,Selangor,P.101 Hulu Langat,"10",P.101,N.24,10_N.24,"1230.0","41744.029766082764","33.93823558218111","28.788066864013672","37.93874740600586","14914.0","11681.0",Ulu Langat,"8.598180139786365","0.4087949761903483","0.58069270449521","0.776069720232444","0.41930729550478996","0.5032417420294827",0.503241742029483,15,Selangor,P.101 Hulu Langat,10,P.101,N.24,10_N.24,Selangor,P.101 Hulu Langat,"10",P.101,N.24,10_N.24,"1230.0","41744.029766082764","33.93823558218111","28.788066864013672","37.93874740600586","14914.0","11681.0",Ulu Langat,"8.598180139786365","0.4087949761903483","0.58069270449521","0.776069720232444","0.41930729550478996","0.5032417420294827",0.503241742029483,1230,48.072925567627,0.0390836793232739,-0.0528488159179688,0.490474700927734,15,Selangor,P.101 Hulu Langat,10,P.101,N.24,10_N.24,Selangor,P.101 Hulu Langat,"10",P.101,N.24,10_N.24,"1230.0","41744.029766082764","33.93823558218111","28.788066864013672","37.93874740600586","14914.0","11681.0",Ulu Langat,"8.598180139786365","0.4087949761903483","0.58069270449521","0.776069720232444","0.41930729550478996","0.5032417420294827",0.503241742029483,1230,0,0,0,0,0.0390836793232739,-0.0528488159179688,0.490474700927734,0,0,0
16,Selangor,P.102 Bangi,N.25 Kajang,10,P.102,N.25,10_N.25,Selangor,P.102 Bangi,"10",P.102,N.25,10_N.25,"31996.0","1140747.6240825653","35.65281985506205","26.659324645996094","44.162017822265625","14062.0","12942.0",Ulu Langat,"8.598180139786365","0.5352231019384182","0.5179071481208548","0.776069720232444","0.4820928518791452","0.5821521939971064",0.582152193997106,16,Selangor,P.102 Bangi,10,P.102,N.25,10_N.25,Selangor,P.102 Bangi,"10",P.102,N.25,10_N.25,"31996.0","1140747.6240825653","35.65281985506205","26.659324645996094","44.162017822265625","14062.0","12942.0",Ulu Langat,"8.598180139786365","0.5352231019384182","0.5179071481208548","0.776069720232444","0.4820928518791452","0.5821521939971064",0.582152193997106,31996,0,0,0,0,16,Selangor,P.102 Bangi,10,P.102,N.25,10_N.25,Selangor,P.102 Bangi,"10",P.102,N.25,10_N.25,"31996.0","1140747.6240825653","35.65281985506205","26.659324645996094","44.162017822265625","14062.0","12942.0",Ulu Langat,"8.598180139786365","0.5352231019384182","0.5179071481208548","0.776069720232444","0.4820928518791452","0.5821521939971064",0.582152193997106,31996,0,0,0,0,0,0,0,0,0,0
17,Selangor,P.102 Bangi,N.26 Sungai Ramal,10,P.102,N.26,10_N.26,Selangor,P.102 Bangi,"10",P.102,N.26,10_N.26,"61057.0","2178084.2850875854","35.672966000419045","26.94428062438965","45.62257766723633","17280.0","12655.0",Ulu Langat,"8.598180139786365","0.5367086162049485","0.7550478997789241","0.776069720232444","0.24495210022107594","0.5236097632158543",0.523609763215854,17,Selangor,P.102 Bangi,10,P.102,N.26,10_N.26,Selangor,P.102 Bangi,"10",P.102,N.26,10_N.26,"61057.0","2178084.2850875854","35.672966000419045","26.94428062438965","45.62257766723633","17280.0","12655.0",Ulu Langat,"8.598180139786365","0.5367086162049485","0.7550478997789241","0.776069720232444","0.24495210022107594","0.5236097632158543",0.523609763215854,61057,459.12412071228,0.00751959841971077,-7.21750259399414,2.0208797454834,17,Selangor,P.102 Bangi,10,P.102,N.26,10_N.26,Selangor,P.102 Bangi,"10",P.102,N.26,10_N.26,"61057.0","2178084.2850875854","35.672966000419045","26.94428062438965","45.62257766723633","17280.0","12655.0",Ulu Langat,"8.598180139786365","0.5367086162049485","0.7550478997789241","0.776069720232444","0.24495210022107594","0.5236097632158543",0.523609763215854,61057,0,0,0,0,0.00751959841971077,-7.21750259399414,2.0208797454834,0,0,0
18,Selangor,P.102 Bangi,N.27 Balakong,10,P.102,N.27,10_N.27,Selangor,P.102 Bangi,"10",P.102,N.27,10_N.27,"34551.0","1355961.6268119812","39.245220885415215","29.182905197143555","47.38125991821289","13346.0","10945.0",Ulu Langat,"8.598180139786365","0.8001156105112666","0.4651436993367723","0.776069720232444","0.5348563006632276","0.7277893104795512",0.727789310479551,18,Selangor,P.102 Bangi,10,P.102,N.27,10_N.27,Selangor,P.102 Bangi,"10",P.102,N.27,10_N.27,"34551.0","1355961.6268119812","39.245220885415215","29.182905197143555","47.38125991821289","13346.0","10945.0",Ulu Langat,"8.598180139786365","0.8001156105112666","0.4651436993367723","0.776069720232444","0.5348563006632276","0.7277893104795512",0.727789310479551,34551,0,0,0,0,18,Selangor,P.102 Bangi,10,P.102,N.27,10_N.27,Selangor,P.102 Bangi,"10",P.102,N.27,10_N.27,"34551.0","1355961.6268119812","39.245220885415215","29.182905197143555","47.38125991821289","13346.0","10945.0",Ulu Langat,"8.598180139786365","0.8001156105112666","0.4651436993367723","0.776069720232444","0.5348563006632276","0.7277893104795512",0.727789310479551,34551,0,0,0,0,0,0,0,0,0,0
19,Selangor,P.103 Puchong,N.28 Seri Kembangan,10,P.103,N.28,10_N.28,Selangor,P.103 Puchong,"10",P.103,N.28,10_N.28,"23039.0","900647.8128070831","39.09231359030701","28.632238388061523","47.71733474731445","13479.0","10825.0",Petaling,"8.993503754323799","0.788840700878942","0.47494473102431833","1.0","0.5250552689756817","0.7756841676833914",0.775684167683391,19,Selangor,P.103 Puchong,10,P.103,N.28,10_N.28,Selangor,P.103 Puchong,"10",P.103,N.28,10_N.28,"23039.0","900647.8128070831","39.09231359030701","28.632238388061523","47.71733474731445","13479.0","10825.0",Petaling,"8.993503754323799","0.788840700878942","0.47494473102431833","1.0","0.5250552689756817","0.7756841676833914",0.775684167683391,23039,-390.595182418823,-0.0169536517391737,-4.09328651428223,0.176876068115234,19,Selangor,P.103 Puchong,10,P.103,N.28,10_N.28,Selangor,P.103 Puchong,"10",P.103,N.28,10_N.28,"23039.0","900647.8128070831","39.09231359030701","28.632238388061523","47.71733474731445","13479.0","10825.0",Petaling,"8.993503754323799","0.788840700878942","0.47494473102431833","1.0","0.5250552689756817","0.7756841676833914",0.775684167683391,23039,0,0,0,0,-0.0169536517391737,-4.09328651428223,0.176876068115234,0,0,0
20,Selangor,P.103 Puchong,N.29 Seri Serdang,10,P.103,N.29,10_N.29,Selangor,P.103 Puchong,"10",P.103,N.29,10_N.29,"63727.0","2194541.556219101","34.43660546109343","25.70269203186035","44.983543395996094","10553.0","8603.0",Petaling,"8.993503754323799","0.4455432251488598","0.2593220338983051","1.0","0.7406779661016949","0.6579411040998536",0.657941104099854,20,Selangor,P.103 Puchong,10,P.103,N.29,10_N.29,Selangor,P.103 Puchong,"10",P.103,N.29,10_N.29,"63727.0","2194541.556219101","34.43660546109343","25.70269203186035","44.983543395996094","10553.0","8603.0",Petaling,"8.993503754323799","0.4455432251488598","0.2593220338983051","1.0","0.7406779661016949","0.6579411040998536",0.657941104099854,63727,-11276.3057594299,-0.176947067325152,-7.48630142211914,0.963512420654297,20,Selangor,P.103 Puchong,10,P.103,N.29,10_N.29,Selangor,P.103 Puchong,"10",P.103,N.29,10_N.29,"63727.0","2194541.556219101","34.43660546109343","25.70269203186035","44.983543395996094","10553.0","8603.0",Petaling,"8.993503754323799","0.4455432251488598","0.2593220338983051","1.0","0.7406779661016949","0.6579411040998536",0.657941104099854,63727,0,0,0,0,-0.176947067325152,-7.48630142211914,0.963512420654297,0,0,0
21,Selangor,P.104 Subang,N.30 Kinrara,10,P.104,N.30,10_N.30,Selangor,P.104 Subang,"10",P.104,N.30,10_N.30,"48867.0","1841195.0239887238","37.67767663226152","27.02479362487793","48.22633361816406","14505.0","12180.0",Petaling,"8.993503754323799","0.6845297597088542","0.5505526897568165","1.0","0.4494473102431835","0.704626707415223",0.704626707415223,21,Selangor,P.104 Subang,10,P.104,N.30,10_N.30,Selangor,P.104 Subang,"10",P.104,N.30,10_N.30,"48867.0","1841195.0239887238","37.67767663226152","27.02479362487793","48.22633361816406","14505.0","12180.0",Petaling,"8.993503754323799","0.6845297597088542","0.5505526897568165","1.0","0.4494473102431835","0.704626707415223",0.704626707415223,48867,-7181.86250305176,-0.14696753439032,-8.19618606567383,0.894504547119141,21,Selangor,P.104 Subang,10,P.104,N.30,10_N.30,Selangor,P.104 Subang,"10",P.104,N.30,10_N.30,"48867.0","1841195.0239887238","37.67767663226152","27.02479362487793","48.22633361816406","14505.0","12180.0",Petaling,"8.993503754323799","0.6845297597088542","0.5505526897568165","1.0","0.4494473102431835","0.704626707415223",0.704626707415223,48867,0,0,0,0,-0.14696753439032,-8.19618606567383,0.894504547119141,0,0,0
22,Selangor,P.104 Subang,N.31 Subang Jaya,10,P.104,N.31,10_N.31,Selangor,P.104 Subang,"10",P.104,N.31,10_N.31,"27759.0","1099697.4835414886","39.61588974896389","30.496883392333984","46.30570602416992","15934.0","12054.0",Petaling,"8.993503754323799","0.8274475827174993","0.6558585114222549","1.0","0.34414148857774507","0.7497591635031859",0.749759163503186,22,Selangor,P.104 Subang,10,P.104,N.31,10_N.31,Selangor,P.104 Subang,"10",P.104,N.31,10_N.31,"27759.0","1099697.4835414886","39.61588974896389","30.496883392333984","46.30570602416992","15934.0","12054.0",Petaling,"8.993503754323799","0.8274475827174993","0.6558585114222549","1.0","0.34414148857774507","0.7497591635031859",0.749759163503186,27759,-7689.27723312378,-0.277001233226117,-8.18910598754883,1.41594696044922,22,Selangor,P.104 Subang,10,P.104,N.31,10_N.31,Selangor,P.104 Subang,"10",P.104,N.31,10_N.31,"27759.0","1099697.4835414886","39.61588974896389","30.496883392333984","46.30570602416992","15934.0","12054.0",Petaling,"8.993503754323799","0.8274475827174993","0.6558585114222549","1.0","0.34414148857774507","0.7497591635031859",0.749759163503186,27759,0,0,0,0,-0.277001233226117,-8.18910598754883,1.41594696044922,0,0,0
23,Selangor,P.105 Petaling Jaya,N.32 Seri Setia,10,P.105,N.32,10_N.32,Selangor,P.105 Petaling Jaya,"10",P.105,N.32,10_N.32,"38328.0","1501694.6145095825","39.18009326105152","28.800321578979492","46.50395965576172","20604.0","12219.0",Petaling,"8.993503754323799","0.7953133015125426","1.0","1.0","0.0","0.6476566507562713",0.647656650756271,23,Selangor,P.105 Petaling Jaya,10,P.105,N.32,10_N.32,Selangor,P.105 Petaling Jaya,"10",P.105,N.32,10_N.32,"38328.0","1501694.6145095825","39.18009326105152","28.800321578979492","46.50395965576172","20604.0","12219.0",Petaling,"8.993503754323799","0.7953133015125426","1.0","1.0","0.0","0.6476566507562713",0.647656650756271,38328,-2184.77777481079,-0.0570021335527758,-6.67643356323242,1.56563186645508,23,Selangor,P.105 Petaling Jaya,10,P.105,N.32,10_N.32,Selangor,P.105 Petaling Jaya,"10",P.105,N.32,10_N.32,"38328.0","1501694.6145095825","39.18009326105152","28.800321578979492","46.50395965576172","20604.0","12219.0",Petaling,"8.993503754323799","0.7953133015125426","1.0","1.0","0.0","0.6476566507562713",0.647656650756271,38328,-46.7372970581055,-0.00121940349243648,-0.524890899658203,0,-0.0570021335527758,-6.67643356323242,1.56563186645508,-0.00121940349243648,-0.524890899658203,0
24,Selangor,P.105 Petaling Jaya,N.33 Taman Medan,10,P.105,N.33,10_N.33,Selangor,P.105 Petaling Jaya,"10",P.105,N.33,10_N.33,"9113.0","367532.2957763672","40.330549300599934","32.01872253417969","45.71125030517578","9994.0","9009.0",Petaling,"8.993503754323799","0.8801443612254959","0.21812822402358142","1.0","0.7818717759764185","0.8855401246068526",0.885540124606853,24,Selangor,P.105 Petaling Jaya,10,P.105,N.33,10_N.33,Selangor,P.105 Petaling Jaya,"10",P.105,N.33,10_N.33,"9113.0","367532.2957763672","40.330549300599934","32.01872253417969","45.71125030517578","9994.0","9009.0",Petaling,"8.993503754323799","0.8801443612254959","0.21812822402358142","1.0","0.7818717759764185","0.8855401246068526",0.885540124606853,9113,0,0,0,0,24,Selangor,P.105 Petaling Jaya,10,P.105,N.33,10_N.33,Selangor,P.105 Petaling Jaya,"10",P.105,N.33,10_N.33,"9113.0","367532.2957763672","40.330549300599934","32.01872253417969","45.71125030517578","9994.0","9009.0",Petaling,"8.993503754323799","0.8801443612254959","0.21812822402358142","1.0","0.7818717759764185","0.8855401246068526",0.885540124606853,9113,0,0,0,0,0,0,0,0,0,0
25,Selangor,P.105 Petaling Jaya,N.34 Bukit Gasing,10,P.105,N.34,10_N.34,Selangor,P.105 Petaling Jaya,"10",P.105,N.34,10_N.34,"14410.0","559750.0986499786","38.844559240109554","28.707605361938477","45.757633209228516","16297.0","13630.0",Petaling,"8.993503754323799","0.770572063614024","0.6826086956521739","1.0","0.31739130434782614","0.7146338578939685",0.714633857893968,25,Selangor,P.105 Petaling Jaya,10,P.105,N.34,10_N.34,Selangor,P.105 Petaling Jaya,"10",P.105,N.34,10_N.34,"14410.0","559750.0986499786","38.844559240109554","28.707605361938477","45.757633209228516","16297.0","13630.0",Petaling,"8.993503754323799","0.770572063614024","0.6826086956521739","1.0","0.31739130434782614","0.7146338578939685",0.714633857893968,14410,0,0,0,0,25,Selangor,P.105 Petaling Jaya,10,P.105,N.34,10_N.34,Selangor,P.105 Petaling Jaya,"10",P.105,N.34,10_N.34,"14410.0","559750.0986499786","38.844559240109554","28.707605361938477","45.757633209228516","16297.0","13630.0",Petaling,"8.993503754323799","0.770572063614024","0.6826086956521739","1.0","0.31739130434782614","0.7146338578939685",0.714633857893968,14410,0,0,0,0,0,0,0,0,0,0
26,Selangor,P.106 Damansara,N.35 Kampung Tunku,10,P.106,N.35,10_N.35,Selangor,P.106 Damansara,"10",P.106,N.35,10_N.35,"7446.0","281385.1595993042","37.79011007242871","32.3353271484375","44.24778366088867","12864.0","6854.0",Petaling,"8.993503754323799","0.6928202528252181","0.42962417096536476","1.0","0.5703758290346352","0.7390040836712679",0.739004083671268,26,Selangor,P.106 Damansara,10,P.106,N.35,10_N.35,Selangor,P.106 Damansara,"10",P.106,N.35,10_N.35,"7446.0","281385.1595993042","37.79011007242871","32.3353271484375","44.24778366088867","12864.0","6854.0",Petaling,"8.993503754323799","0.6928202528252181","0.42962417096536476","1.0","0.5703758290346352","0.7390040836712679",0.739004083671268,7446,0,0,0,0,26,Selangor,P.106 Damansara,10,P.106,N.35,10_N.35,Selangor,P.106 Damansara,"10",P.106,N.35,10_N.35,"7446.0","281385.1595993042","37.79011007242871","32.3353271484375","44.24778366088867","12864.0","6854.0",Petaling,"8.993503754323799","0.6928202528252181","0.42962417096536476","1.0","0.5703758290346352","0.7390040836712679",0.739004083671268,7446,0,0,0,0,0,0,0,0,0,0
27,Selangor,P.106 Damansara,N.36 Bandar Utama,10,P.106,N.36,10_N.36,Selangor,P.106 Damansara,"10",P.106,N.36,10_N.36,"15838.0","648618.068775177","40.953281271320684","34.15045928955078","47.580902099609375","15492.0","12780.0",Petaling,"8.993503754323799","0.9260626850704582","0.6232866617538688","1.0","0.3767133382461312","0.8072096770967618",0.807209677096762,27,Selangor,P.106 Damansara,10,P.106,N.36,10_N.36,Selangor,P.106 Damansara,"10",P.106,N.36,10_N.36,"15838.0","648618.068775177","40.953281271320684","34.15045928955078","47.580902099609375","15492.0","12780.0",Petaling,"8.993503754323799","0.9260626850704582","0.6232866617538688","1.0","0.3767133382461312","0.8072096770967618",0.807209677096762,15838,0,0,0,0,27,Selangor,P.106 Damansara,10,P.106,N.36,10_N.36,Selangor,P.106 Damansara,"10",P.106,N.36,10_N.36,"15838.0","648618.068775177","40.953281271320684","34.15045928955078","47.580902099609375","15492.0","12780.0",Petaling,"8.993503754323799","0.9260626850704582","0.6232866617538688","1.0","0.3767133382461312","0.8072096770967618",0.807209677096762,15838,0,0,0,0,0,0,0,0,0,0
28,Selangor,P.106 Damansara,N.37 Bukit Lanjan,10,P.106,N.37,10_N.37,Selangor,P.106 Damansara,"10",P.106,N.37,10_N.37,"48486.0","1654191.2612991333","34.11688448828803","26.108049392700195","46.51530456542969","12803.0","10568.0",Petaling,"8.993503754323799","0.4219679923688359","0.4251289609432572","1.0","0.5748710390567429","0.6047017559486036",0.604701755948604,28,Selangor,P.106 Damansara,10,P.106,N.37,10_N.37,Selangor,P.106 Damansara,"10",P.106,N.37,10_N.37,"48486.0","1654191.2612991333","34.11688448828803","26.108049392700195","46.51530456542969","12803.0","10568.0",Petaling,"8.993503754323799","0.4219679923688359","0.4251289609432572","1.0","0.5748710390567429","0.6047017559486036",0.604701755948604,48486,0,0,0,0,28,Selangor,P.106 Damansara,10,P.106,N.37,10_N.37,Selangor,P.106 Damansara,"10",P.106,N.37,10_N.37,"48486.0","1654191.2612991333","34.11688448828803","26.108049392700195","46.51530456542969","12803.0","10568.0",Petaling,"8.993503754323799","0.4219679923688359","0.4251289609432572","1.0","0.5748710390567429","0.6047017559486036",0.604701755948604,48486,0,0,0,0,0,0,0,0,0,0
29,Selangor,P.107 Sungai Buloh,N.38 Paya Jaras,10,P.107,N.38,10_N.38,Selangor,P.107 Sungai Buloh,"10",P.107,N.38,10_N.38,"81558.0","2771879.0216846466","33.98659876020313","27.162961959838867","45.459712982177734","16524.0","13214.0",Petaling,"8.993503754323799","0.41236112691811083","0.6993367722918202","1.0","0.30066322770817977","0.5313463703861003",0.5313463703861,29,Selangor,P.107 Sungai Buloh,10,P.107,N.38,10_N.38,Selangor,P.107 Sungai Buloh,"10",P.107,N.38,10_N.38,"81558.0","2771879.0216846466","33.98659876020313","27.162961959838867","45.459712982177734","16524.0","13214.0",Petaling,"8.993503754323799","0.41236112691811083","0.6993367722918202","1.0","0.30066322770817977","0.5313463703861003",0.5313463703861,81558,-635.366079330444,-0.00779035875487928,-3.95915412902832,0.274169921875,29,Selangor,P.107 Sungai Buloh,10,P.107,N.38,10_N.38,Selangor,P.107 Sungai Buloh,"10",P.107,N.38,10_N.38,"81558.0","2771879.0216846466","33.98659876020313","27.162961959838867","45.459712982177734","16524.0","13214.0",Petaling,"8.993503754323799","0.41236112691811083","0.6993367722918202","1.0","0.30066322770817977","0.5313463703861003",0.5313463703861,81558,-12.162504196167,-0.000149127053093099,-0.129154205322266,0.0572052001953125,-0.00779035875487928,-3.95915412902832,0.274169921875,-0.000149127053093099,-0.129154205322266,0.0572052001953125
30,Selangor,P.107 Sungai Buloh,N.39 Kota Damansara,10,P.107,N.39,10_N.39,Selangor,P.107 Sungai Buloh,"10",P.107,N.39,10_N.39,"67569.0","2497732.927555084","36.96566365574574","25.951261520385742","47.5404167175293","15455.0","9128.0",Petaling,"8.993503754323799","0.632028131440714","0.620560058953574","1.0","0.379439941046426","0.6608740509819635",0.660874050981964,30,Selangor,P.107 Sungai Buloh,10,P.107,N.39,10_N.39,Selangor,P.107 Sungai Buloh,"10",P.107,N.39,10_N.39,"67569.0","2497732.927555084","36.96566365574574","25.951261520385742","47.5404167175293","15455.0","9128.0",Petaling,"8.993503754323799","0.632028131440714","0.620560058953574","1.0","0.379439941046426","0.6608740509819635",0.660874050981964,67569,22.2420444488525,0.000329175279327096,-0.145172119140625,0.197616577148438,30,Selangor,P.107 Sungai Buloh,10,P.107,N.39,10_N.39,Selangor,P.107 Sungai Buloh,"10",P.107,N.39,10_N.39,"67569.0","2497732.927555084","36.96566365574574","25.951261520385742","47.5404167175293","15455.0","9128.0",Petaling,"8.993503754323799","0.632028131440714","0.620560058953574","1.0","0.379439941046426","0.6608740509819635",0.660874050981964,67569,-1267.04874420166,-0.0187519238733985,-1.77153778076172,0,0.000329175279327096,-0.145172119140625,0.197616577148438,-0.0187519238733985,-1.77153778076172,0
31,Selangor,P.108 Shah Alam,N.40 Kota Anggerik,10,P.108,N.40,10_N.40,Selangor,P.108 Shah Alam,"10",P.108,N.40,10_N.40,"128073.0","4563028.785104752","35.62834309420995","28.624553680419922","46.6733512878418","15834.0","12457.0",Petaling,"8.993503754323799","0.5334182615185801","0.6484893146647015","1.0","0.3515106853352985","0.6045868020931147",0.604586802093115,31,Selangor,P.108 Shah Alam,10,P.108,N.40,10_N.40,Selangor,P.108 Shah Alam,"10",P.108,N.40,10_N.40,"128073.0","4563028.785104752","35.62834309420995","28.624553680419922","46.6733512878418","15834.0","12457.0",Petaling,"8.993503754323799","0.5334182615185801","0.6484893146647015","1.0","0.3515106853352985","0.6045868020931147",0.604586802093115,128073,-7101.69357681274,-0.0554503570371018,-8.11775588989258,1.72027587890625,31,Selangor,P.108 Shah Alam,10,P.108,N.40,10_N.40,Selangor,P.108 Shah Alam,"10",P.108,N.40,10_N.40,"128073.0","4563028.785104752","35.62834309420995","28.624553680419922","46.6733512878418","15834.0","12457.0",Petaling,"8.993503754323799","0.5334182615185801","0.6484893146647015","1.0","0.3515106853352985","0.6045868020931147",0.604586802093115,128073,107719.298719406,0.841077344322427,-3.70199203491211,9.7827262878418,-0.0554503570371018,-8.11775588989258,1.72027587890625,0.841077344322427,-3.70199203491211,9.7827262878418
32,Selangor,P.108 Shah Alam,N.41 Batu Tiga,10,P.108,N.41,10_N.41,Selangor,P.108 Shah Alam,"10",P.108,N.41,10_N.41,"28874.0","1132077.6378479004","39.20750979593753","29.04109764099121","47.96780014038086","11917.0","8512.0",Petaling,"8.993503754323799","0.7973349117506451","0.35983787767133385","1.0","0.6401621223286662","0.8087079864574891",0.808707986457489,32,Selangor,P.108 Shah Alam,10,P.108,N.41,10_N.41,Selangor,P.108 Shah Alam,"10",P.108,N.41,10_N.41,"28874.0","1132077.6378479004","39.20750979593753","29.04109764099121","47.96780014038086","11917.0","8512.0",Petaling,"8.993503754323799","0.7973349117506451","0.35983787767133385","1.0","0.6401621223286662","0.8087079864574891",0.808707986457489,28874,-100.302947998047,-0.00347381547406133,-1.09686279296875,0.111110687255859,32,Selangor,P.108 Shah Alam,10,P.108,N.41,10_N.41,Selangor,P.108 Shah Alam,"10",P.108,N.41,10_N.41,"28874.0","1132077.6378479004","39.20750979593753","29.04109764099121","47.96780014038086","11917.0","8512.0",Petaling,"8.993503754323799","0.7973349117506451","0.35983787767133385","1.0","0.6401621223286662","0.8087079864574891",0.808707986457489,28874,0,0,0,0,-0.00347381547406133,-1.09686279296875,0.111110687255859,0,0,0
33,Selangor,P.109 Kapar,N.42 Meru,10,P.109,N.42,10_N.42,Selangor,P.109 Kapar,"10",P.109,N.42,10_N.42,"89911.0","3024270.927192688","33.636272838614715","26.2454776763916","48.493804931640625","10096.0","8913.0",Klang,"8.469991546914624","0.38652918014948207","0.22564480471628592","0.7034575452720228","0.7743551952837141","0.5627177752136753",0.562717775213675,33,Selangor,P.109 Kapar,10,P.109,N.42,10_N.42,Selangor,P.109 Kapar,"10",P.109,N.42,10_N.42,"89911.0","3024270.927192688","33.636272838614715","26.2454776763916","48.493804931640625","10096.0","8913.0",Klang,"8.469991546914624","0.38652918014948207","0.22564480471628592","0.7034575452720228","0.7743551952837141","0.5627177752136753",0.562717775213675,89911,-11320.8385486603,-0.125911607574827,-4.89646339416504,0.289844512939453,33,Selangor,P.109 Kapar,10,P.109,N.42,10_N.42,Selangor,P.109 Kapar,"10",P.109,N.42,10_N.42,"89911.0","3024270.927192688","33.636272838614715","26.2454776763916","48.493804931640625","10096.0","8913.0",Klang,"8.469991546914624","0.38652918014948207","0.22564480471628592","0.7034575452720228","0.7743551952837141","0.5627177752136753",0.562717775213675,89911,-7118.2804069519,-0.0791702951468886,-4.45592880249023,6.33169937133789,-0.125911607574827,-4.89646339416504,0.289844512939453,-0.0791702951468886,-4.45592880249023,6.33169937133789
34,Selangor,P.109 Kapar,N.43 Sementa,10,P.109,N.43,10_N.43,Selangor,P.109 Kapar,"10",P.109,N.43,10_N.43,"136374.0","4465179.22155571","32.742159220641106","26.042308807373047","47.326873779296875","11132.0","8716.0",Klang,"8.469991546914624","0.3206000154451476","0.30198968312453944","0.7034575452720228","0.6980103168754606","0.5106669732594447",0.510666973259445,34,Selangor,P.109 Kapar,10,P.109,N.43,10_N.43,Selangor,P.109 Kapar,"10",P.109,N.43,10_N.43,"136374.0","4465179.22155571","32.742159220641106","26.042308807373047","47.326873779296875","11132.0","8716.0",Klang,"8.469991546914624","0.3206000154451476","0.30198968312453944","0.7034575452720228","0.6980103168754606","0.5106669732594447",0.510666973259445,136374,-474.565551757812,-0.00347988290845625,-0.925233840942383,0.0469436645507812,34,Selangor,P.109 Kapar,10,P.109,N.43,10_N.43,Selangor,P.109 Kapar,"10",P.109,N.43,10_N.43,"136374.0","4465179.22155571","32.742159220641106","26.042308807373047","47.326873779296875","11132.0","8716.0",Klang,"8.469991546914624","0.3206000154451476","0.30198968312453944","0.7034575452720228","0.6980103168754606","0.5106669732594447",0.510666973259445,136374,0,0,0,0,-0.00347988290845625,-0.925233840942383,0.0469436645507812,0,0,0
35,Selangor,P.109 Kapar,N.44 Selat Klang,10,P.109,N.44,10_N.44,Selangor,P.109 Kapar,"10",P.109,N.44,10_N.44,"78094.0","2712631.6140327454","34.7354676931998","27.124881744384766","47.953338623046875","9802.0","8482.0",Klang,"8.469991546914624","0.4675803990922587","0.20397936624907886","0.7034575452720228","0.7960206337509211","0.6086597443018653",0.608659744301865,35,Selangor,P.109 Kapar,10,P.109,N.44,10_N.44,Selangor,P.109 Kapar,"10",P.109,N.44,10_N.44,"78094.0","2712631.6140327454","34.7354676931998","27.124881744384766","47.953338623046875","9802.0","8482.0",Klang,"8.469991546914624","0.4675803990922587","0.20397936624907886","0.7034575452720228","0.7960206337509211","0.6086597443018653",0.608659744301865,78094,0,0,0,0,35,Selangor,P.109 Kapar,10,P.109,N.44,10_N.44,Selangor,P.109 Kapar,"10",P.109,N.44,10_N.44,"78094.0","2712631.6140327454","34.7354676931998","27.124881744384766","47.953338623046875","9802.0","8482.0",Klang,"8.469991546914624","0.4675803990922587","0.20397936624907886","0.7034575452720228","0.7960206337509211","0.6086597443018653",0.608659744301865,78094,0,0,0,0,0,0,0,0,0,0
36,Selangor,P.110 Klang,N.45 Bandar Baru Klang,10,P.110,N.45,10_N.45,Selangor,P.110 Klang,"10",P.110,N.45,10_N.45,"27424.0","1017373.9567718506","37.097941830945544","27.468698501586914","45.45345687866211","9809.0","8591.0",Klang,"8.469991546914624","0.6417819137612445","0.2044952100221076","0.7034575452720228","0.7955047899778924","0.6956315406931011",0.695631540693101,36,Selangor,P.110 Klang,10,P.110,N.45,10_N.45,Selangor,P.110 Klang,"10",P.110,N.45,10_N.45,"27424.0","1017373.9567718506","37.097941830945544","27.468698501586914","45.45345687866211","9809.0","8591.0",Klang,"8.469991546914624","0.6417819137612445","0.2044952100221076","0.7034575452720228","0.7955047899778924","0.6956315406931011",0.695631540693101,27424,0,0,0,0,36,Selangor,P.110 Klang,10,P.110,N.45,10_N.45,Selangor,P.110 Klang,"10",P.110,N.45,10_N.45,"27424.0","1017373.9567718506","37.097941830945544","27.468698501586914","45.45345687866211","9809.0","8591.0",Klang,"8.469991546914624","0.6417819137612445","0.2044952100221076","0.7034575452720228","0.7955047899778924","0.6956315406931011",0.695631540693101,27424,0,0,0,0,0,0,0,0,0,0
37,Selangor,P.110 Klang,N.46 Pelabuhan Klang,10,P.110,N.46,10_N.46,Selangor,P.110 Klang,"10",P.110,N.46,10_N.46,"120888.0","4155017.8284397125","34.37080461617127","26.11427879333496","46.273834228515625","11065.0","9022.0",Klang,"8.469991546914624","0.4406912749544435","0.2970523212969786","0.7034575452720228","0.7029476787030213","0.5719469434709827",0.571946943470983,37,Selangor,P.110 Klang,10,P.110,N.46,10_N.46,Selangor,P.110 Klang,"10",P.110,N.46,10_N.46,"120888.0","4155017.8284397125","34.37080461617127","26.11427879333496","46.273834228515625","11065.0","9022.0",Klang,"8.469991546914624","0.4406912749544435","0.2970523212969786","0.7034575452720228","0.7029476787030213","0.5719469434709827",0.571946943470983,120888,0,0,0,0,37,Selangor,P.110 Klang,10,P.110,N.46,10_N.46,Selangor,P.110 Klang,"10",P.110,N.46,10_N.46,"120888.0","4155017.8284397125","34.37080461617127","26.11427879333496","46.273834228515625","11065.0","9022.0",Klang,"8.469991546914624","0.4406912749544435","0.2970523212969786","0.7034575452720228","0.7029476787030213","0.5719469434709827",0.571946943470983,120888,0,0,0,0,0,0,0,0,0,0
38,Selangor,P.110 Klang,N.47 Pandamaran,10,P.110,N.47,10_N.47,Selangor,P.110 Klang,"10",P.110,N.47,10_N.47,"16433.0","625128.5044269562","38.04104572670578","28.705181121826172","46.594207763671875","11716.0","8568.0",Klang,"8.469991546914624","0.711323469584759","0.3450257921886514","0.7034575452720228","0.6549742078113485","0.6952696730632223",0.695269673063222,38,Selangor,P.110 Klang,10,P.110,N.47,10_N.47,Selangor,P.110 Klang,"10",P.110,N.47,10_N.47,"16433.0","625128.5044269562","38.04104572670578","28.705181121826172","46.594207763671875","11716.0","8568.0",Klang,"8.469991546914624","0.711323469584759","0.3450257921886514","0.7034575452720228","0.6549742078113485","0.6952696730632223",0.695269673063222,16433,0,0,0,0,38,Selangor,P.110 Klang,10,P.110,N.47,10_N.47,Selangor,P.110 Klang,"10",P.110,N.47,10_N.47,"16433.0","625128.5044269562","38.04104572670578","28.705181121826172","46.594207763671875","11716.0","8568.0",Klang,"8.469991546914624","0.711323469584759","0.3450257921886514","0.7034575452720228","0.6549742078113485","0.6952696730632223",0.695269673063222,16433,0,0,0,0,0,0,0,0,0,0
39,Selangor,P.111 Kota Raja,N.48 Sentosa,10,P.111,N.48,10_N.48,Selangor,P.111 Kota Raja,"10",P.111,N.48,10_N.48,"25248.0","949192.9302024841","37.59477702006037","25.828168869018555","46.56337356567383","10691.0","8917.0",Klang,"8.469991546914624","0.6784169994546013","0.26949152542372884","0.7034575452720228","0.7305084745762711","0.6977000046893741",0.697700004689374,39,Selangor,P.111 Kota Raja,10,P.111,N.48,10_N.48,Selangor,P.111 Kota Raja,"10",P.111,N.48,10_N.48,"25248.0","949192.9302024841","37.59477702006037","25.828168869018555","46.56337356567383","10691.0","8917.0",Klang,"8.469991546914624","0.6784169994546013","0.26949152542372884","0.7034575452720228","0.7305084745762711","0.6977000046893741",0.697700004689374,25248,0,0,0,0,39,Selangor,P.111 Kota Raja,10,P.111,N.48,10_N.48,Selangor,P.111 Kota Raja,"10",P.111,N.48,10_N.48,"25248.0","949192.9302024841","37.59477702006037","25.828168869018555","46.56337356567383","10691.0","8917.0",Klang,"8.469991546914624","0.6784169994546013","0.26949152542372884","0.7034575452720228","0.7305084745762711","0.6977000046893741",0.697700004689374,25248,0,0,0,0,0,0,0,0,0,0
40,Selangor,P.111 Kota Raja,N.49 Sungai Kandis,10,P.111,N.49,10_N.49,Selangor,P.111 Kota Raja,"10",P.111,N.49,10_N.49,"78411.0","2637889.221906662","33.641826043624775","24.768497467041016","45.544532775878906","11959.0","8913.0",Klang,"8.469991546914624","0.38693865626122603","0.3629329403095063","0.7034575452720228","0.6370670596904937","0.5286004793712421",0.528600479371242,40,Selangor,P.111 Kota Raja,10,P.111,N.49,10_N.49,Selangor,P.111 Kota Raja,"10",P.111,N.49,10_N.49,"78411.0","2637889.221906662","33.641826043624775","24.768497467041016","45.544532775878906","11959.0","8913.0",Klang,"8.469991546914624","0.38693865626122603","0.3629329403095063","0.7034575452720228","0.6370670596904937","0.5286004793712421",0.528600479371242,78411,0,0,0,0,40,Selangor,P.111 Kota Raja,10,P.111,N.49,10_N.49,Selangor,P.111 Kota Raja,"10",P.111,N.49,10_N.49,"78411.0","2637889.221906662","33.641826043624775","24.768497467041016","45.544532775878906","11959.0","8913.0",Klang,"8.469991546914624","0.38693865626122603","0.3629329403095063","0.7034575452720228","0.6370670596904937","0.5286004793712421",0.528600479371242,78411,0,0,0,0,0,0,0,0,0,0
41,Selangor,P.111 Kota Raja,N.50 Kota Kemuning,10,P.111,N.50,10_N.50,Selangor,P.111 Kota Raja,"10",P.111,N.50,10_N.50,"55097.0","2046072.4678211212","37.13582350801534","27.99871253967285","48.018943786621094","11776.0","9145.0",Petaling,"8.993503754323799","0.6445751911217564","0.3494473102431835","1.0","0.6505526897568166","0.7349257680000824",0.734925768000082,41,Selangor,P.111 Kota Raja,10,P.111,N.50,10_N.50,Selangor,P.111 Kota Raja,"10",P.111,N.50,10_N.50,"55097.0","2046072.4678211212","37.13582350801534","27.99871253967285","48.018943786621094","11776.0","9145.0",Petaling,"8.993503754323799","0.6445751911217564","0.3494473102431835","1.0","0.6505526897568166","0.7349257680000824",0.734925768000082,55097,0,0,0,0,41,Selangor,P.111 Kota Raja,10,P.111,N.50,10_N.50,Selangor,P.111 Kota Raja,"10",P.111,N.50,10_N.50,"55097.0","2046072.4678211212","37.13582350801534","27.99871253967285","48.018943786621094","11776.0","9145.0",Petaling,"8.993503754323799","0.6445751911217564","0.3494473102431835","1.0","0.6505526897568166","0.7349257680000824",0.734925768000082,55097,0,0,0,0,0,0,0,0,0,0
42,Selangor,P.112 Kuala Langat,N.51 Sijangkang,10,P.112,N.51,10_N.51,Selangor,P.112 Kuala Langat,"10",P.112,N.51,10_N.51,"166664.0","5306428.671390533","31.839081453646457","25.726137161254883","43.76383590698242","12509.0","12602.0",Kuala Langat,"7.446808510638298","0.25400986219823646","0.4034635224760501","0.12387753754880758","0.5965364775239499","0.30710843486730754",0.307108434867308,42,Selangor,P.112 Kuala Langat,10,P.112,N.51,10_N.51,Selangor,P.112 Kuala Langat,"10",P.112,N.51,10_N.51,"166664.0","5306428.671390533","31.839081453646457","25.726137161254883","43.76383590698242","12509.0","12602.0",Kuala Langat,"7.446808510638298","0.25400986219823646","0.4034635224760501","0.12387753754880758","0.5965364775239499","0.30710843486730754",0.307108434867308,166664,0,0,0,0,42,Selangor,P.112 Kuala Langat,10,P.112,N.51,10_N.51,Selangor,P.112 Kuala Langat,"10",P.112,N.51,10_N.51,"166664.0","5306428.671390533","31.839081453646457","25.726137161254883","43.76383590698242","12509.0","12602.0",Kuala Langat,"7.446808510638298","0.25400986219823646","0.4034635224760501","0.12387753754880758","0.5965364775239499","0.30710843486730754",0.307108434867308,166664,0,0,0,0,0,0,0,0,0,0
43,Selangor,P.112 Kuala Langat,N.52 Banting,10,P.112,N.52,10_N.52,Selangor,P.112 Kuala Langat,"10",P.112,N.52,10_N.52,"287.0","8149.154901504517","28.394267949493088","26.779043197631836","31.197317123413086","11876.0","10761.0",Kuala Langat,"7.446808510638298","0.0","0.3568165070007369","0.12387753754880758","0.643183492999263","0.19176525763701766",0.191765257637018,43,Selangor,P.112 Kuala Langat,10,P.112,N.52,10_N.52,Selangor,P.112 Kuala Langat,"10",P.112,N.52,10_N.52,"287.0","8149.154901504517","28.394267949493088","26.779043197631836","31.197317123413086","11876.0","10761.0",Kuala Langat,"7.446808510638298","0.0","0.3568165070007369","0.12387753754880758","0.643183492999263","0.19176525763701766",0.191765257637018,287,0,0,0,0,43,Selangor,P.112 Kuala Langat,10,P.112,N.52,10_N.52,Selangor,P.112 Kuala Langat,"10",P.112,N.52,10_N.52,"287.0","8149.154901504517","28.394267949493088","26.779043197631836","31.197317123413086","11876.0","10761.0",Kuala Langat,"7.446808510638298","0.0","0.3568165070007369","0.12387753754880758","0.643183492999263","0.19176525763701766",0.191765257637018,287,0,0,0,0,0,0,0,0,0,0
44,Selangor,P.113 Sepang,N.55 Dengkil,10,P.113,N.55,10_N.55,Selangor,P.113 Sepang,"10",P.113,N.55,10_N.55,"128846.0","4372728.748723984","33.93763678130469","25.196975708007812","43.370487213134766","16808.0","11123.0",Sepang,"7.562785388127854","0.4087508224711645","0.720265291083272","0.18957241047764128","0.279734708916728","0.3217021910841746",0.321702191084175,44,Selangor,P.113 Sepang,10,P.113,N.55,10_N.55,Selangor,P.113 Sepang,"10",P.113,N.55,10_N.55,"128846.0","4372728.748723984","33.93763678130469","25.196975708007812","43.370487213134766","16808.0","11123.0",Sepang,"7.562785388127854","0.4087508224711645","0.720265291083272","0.18957241047764128","0.279734708916728","0.3217021910841746",0.321702191084175,128846,-4744.00052261353,-0.0368191524968841,-6.60470771789551,1.26416015625,44,Selangor,P.113 Sepang,10,P.113,N.55,10_N.55,Selangor,P.113 Sepang,"10",P.113,N.55,10_N.55,"128846.0","4372728.748723984","33.93763678130469","25.196975708007812","43.370487213134766","16808.0","11123.0",Sepang,"7.562785388127854","0.4087508224711645","0.720265291083272","0.18957241047764128","0.279734708916728","0.3217021910841746",0.321702191084175,128846,0,0,0,0,-0.0368191524968841,-6.60470771789551,1.26416015625,0,0,0
